{
  "result": {
    "timestamp": "2026-06-20T16:36:59.018Z",
    "docCount": 10000,
    "documentFetch": {
      "count": 500,
      "avg": 10.451458757999994,
      "min": 1.5560420000001614,
      "max": 24.34841600000027,
      "p50": 9.762833000000228,
      "p95": 17.143583000000035,
      "p99": 20.965083999999933
    },
    "documentList": {
      "count": 30,
      "avg": 593.1925723,
      "min": 41.30733400000008,
      "max": 1146.148709,
      "p50": 573.256417,
      "p95": 1105.391125,
      "p99": 1146.148709
    },
    "documentListPaginated": {
      "count": 200,
      "avg": 1456.7587262650004,
      "min": 34.110167000000274,
      "max": 2791.38075,
      "p50": 1652.6159159999997,
      "p95": 2461.53975,
      "p99": 2725.743041
    },
    "revisionHistory": {
      "count": 300,
      "avg": 30.375509576666705,
      "min": 3.4365410000009433,
      "max": 64.29075000000012,
      "p50": 31.80870799999866,
      "p95": 41.293250000000626,
      "p99": 49.21112499999981
    },
    "commentList": {
      "count": 300,
      "avg": 60.89124135333339,
      "min": 4.280040999999983,
      "max": 130.85933300000033,
      "p50": 64.9794579999998,
      "p95": 67.52383299999929,
      "p99": 68.3841250000005
    },
    "auditLogList": {
      "count": 300,
      "avg": 12.576008316666648,
      "min": 1.2484160000003612,
      "max": 26.884500000000116,
      "p50": 12.950457999999344,
      "p95": 14.270125000000917,
      "p99": 25.395291999999245
    },
    "spaceAuditLog": {
      "count": 50,
      "avg": 8.97762088000014,
      "min": 0.9148330000007263,
      "max": 16.922832999998718,
      "p50": 8.853875000000698,
      "p95": 16.287791000000652,
      "p99": 16.922832999998718
    },
    "search": {
      "count": 60,
      "avg": 2795.936909683334,
      "min": 354.89537500000006,
      "max": 3110.8305419999997,
      "p50": 2996.4673330000005,
      "p95": 3053.2232920000024,
      "p99": 3110.8305419999997
    },
    "childrenList": {
      "count": 300,
      "avg": 16.963265289999956,
      "min": 1.499375000001237,
      "max": 35.867999999998574,
      "p50": 17.806542000000263,
      "p95": 20.915458999999828,
      "p99": 21.20904200000041
    },
    "propertyPatch": {
      "count": 300,
      "avg": 31.166966626666696,
      "min": 5.007625000000189,
      "max": 46.46783300000061,
      "p50": 32.51979199999914,
      "p95": 45.03899999999885,
      "p99": 46.27091699999983
    },
    "documentWrite": {
      "count": 200,
      "avg": 7.296280439999964,
      "min": 2.4001250000001164,
      "max": 16.718833999999333,
      "p50": 5.805957999999009,
      "p95": 14.918417000000773,
      "p99": 15.484875000000102
    },
    "payloads": {
      "documentFetch": {
        "avgBytes": 1578,
        "minBytes": 848,
        "maxBytes": 2680,
        "totalBytes": 78882
      },
      "documentListPage": {
        "avgBytes": 27451,
        "minBytes": 27451,
        "maxBytes": 27451,
        "totalBytes": 549020
      },
      "documentListLarge": {
        "avgBytes": 279453,
        "minBytes": 279453,
        "maxBytes": 279453,
        "totalBytes": 2794530
      },
      "revisionHistory": {
        "avgBytes": 362,
        "minBytes": 354,
        "maxBytes": 374,
        "totalBytes": 18110
      },
      "commentList": {
        "avgBytes": 1308,
        "minBytes": 15,
        "maxBytes": 6074,
        "totalBytes": 65381
      },
      "searchResult": {
        "avgBytes": 30690,
        "minBytes": 25946,
        "maxBytes": 38858,
        "totalBytes": 613799
      }
    },
    "searchQuality": {
      "avgResultCount": 0,
      "zeroResultQueries": 60,
      "totalQueries": 60
    },
    "coldStart": {
      "spawnToFirstByteMs": 480.127833,
      "spawnToReadyMs": 481.14625000000024
    }
  }
}