{
  "result": {
    "timestamp": "2026-06-20T15:53:01.895Z",
    "docCount": 10000,
    "documentFetch": {
      "count": 500,
      "avg": 10.997063976000014,
      "min": 4.13025000000016,
      "max": 23.970000000000027,
      "p50": 10.06579099999999,
      "p95": 18.023374999999987,
      "p99": 23.05754100000013
    },
    "documentList": {
      "count": 30,
      "avg": 593.6529888,
      "min": 50.216666999999916,
      "max": 1137.6182909999998,
      "p50": 569.355708,
      "p95": 1102.1755,
      "p99": 1137.6182909999998
    },
    "documentListPaginated": {
      "count": 200,
      "avg": 1401.1182837350002,
      "min": 33.0837919999999,
      "max": 1749.112125,
      "p50": 1593.4979169999997,
      "p95": 1610.105375000001,
      "p99": 1687.3169580000003
    },
    "revisionHistory": {
      "count": 300,
      "avg": 32.32913016333334,
      "min": 7.297082999999475,
      "max": 66.2973750000001,
      "p50": 33.34758300000067,
      "p95": 35.9174579999999,
      "p99": 42.712375000000975
    },
    "commentList": {
      "count": 300,
      "avg": 64.69775762333333,
      "min": 3.671542000000045,
      "max": 141.53954200000044,
      "p50": 66.88104200000089,
      "p95": 74.63470800000141,
      "p99": 75.81462499999907
    },
    "auditLogList": {
      "count": 300,
      "avg": 13.424430256666643,
      "min": 1.3159580000010465,
      "max": 28.543374999999287,
      "p50": 14.487958000001527,
      "p95": 15.057832999998936,
      "p99": 15.25604100000055
    },
    "spaceAuditLog": {
      "count": 50,
      "avg": 621.9617591399999,
      "min": 25.119291000000885,
      "max": 1218.4598750000005,
      "p50": 607.6886670000004,
      "p95": 1170.4724999999999,
      "p99": 1218.4598750000005
    },
    "search": {
      "count": 60,
      "avg": 2875.2454458166667,
      "min": 401.66054099999747,
      "max": 3243.2656659999993,
      "p50": 3057.2299160000002,
      "p95": 3177.516666000003,
      "p99": 3243.2656659999993
    },
    "childrenList": {
      "count": 300,
      "avg": 18.105881236666708,
      "min": 4.085542000000714,
      "max": 38.54183399999965,
      "p50": 18.078166999999667,
      "p95": 21.517958000000363,
      "p99": 22.590790999998717
    },
    "propertyPatch": {
      "count": 300,
      "avg": 359.5835808566667,
      "min": 26.30658300000141,
      "max": 529.4436249999999,
      "p50": 415.5617920000004,
      "p95": 511.37666699999863,
      "p99": 524.2517499999994
    },
    "documentWrite": {
      "count": 200,
      "avg": 66.20605523500001,
      "min": 8.98924999999872,
      "max": 84.05645899999945,
      "p50": 67.32154100000116,
      "p95": 75.7054590000007,
      "p99": 82.39850000000297
    },
    "payloads": {
      "documentFetch": {
        "avgBytes": 1694,
        "minBytes": 903,
        "maxBytes": 2500,
        "totalBytes": 84712
      },
      "documentListPage": {
        "avgBytes": 27946,
        "minBytes": 27946,
        "maxBytes": 27946,
        "totalBytes": 558920
      },
      "documentListLarge": {
        "avgBytes": 279641,
        "minBytes": 279641,
        "maxBytes": 279641,
        "totalBytes": 2796410
      },
      "revisionHistory": {
        "avgBytes": 363,
        "minBytes": 354,
        "maxBytes": 373,
        "totalBytes": 18161
      },
      "commentList": {
        "avgBytes": 1033,
        "minBytes": 15,
        "maxBytes": 3880,
        "totalBytes": 51632
      },
      "searchResult": {
        "avgBytes": 30917,
        "minBytes": 25279,
        "maxBytes": 39229,
        "totalBytes": 618338
      }
    },
    "searchQuality": {
      "avgResultCount": 0,
      "zeroResultQueries": 60,
      "totalQueries": 60
    },
    "coldStart": {
      "spawnToFirstByteMs": 364.713125,
      "spawnToReadyMs": 365.7526250000001
    }
  }
}