{
  "result": {
    "timestamp": "2026-06-20T15:39:03.330Z",
    "docCount": 10000,
    "documentFetch": {
      "count": 500,
      "avg": 191.63327481200244,
      "min": 6.990624999976717,
      "max": 385.3811660000356,
      "p50": 191.7228340000147,
      "p95": 252.0600829999894,
      "p99": 280.79354200011585
    },
    "documentList": {
      "count": 30,
      "avg": 1290.9407137666635,
      "min": 87.28208300005645,
      "max": 2490.2758750000503,
      "p50": 1252.843165999977,
      "p95": 2407.6009580000537,
      "p99": 2490.2758750000503
    },
    "documentListPaginated": {
      "count": 200,
      "avg": 3583.5262362200015,
      "min": 83.55541699996684,
      "max": 4124.714957999997,
      "p50": 4069.2313330000034,
      "p95": 4115.118459000019,
      "p99": 4118.1409170000115
    },
    "revisionHistory": {
      "count": 300,
      "avg": 38.92218218999954,
      "min": 14.026375000015832,
      "max": 67.11300000001211,
      "p50": 34.47058299998753,
      "p95": 65.52375000005122,
      "p99": 66.98662500001956
    },
    "commentList": {
      "count": 300,
      "avg": 65.09279275666573,
      "min": 3.366624999907799,
      "max": 143.16616599995177,
      "p50": 66.9910829999717,
      "p95": 77.18141700001433,
      "p99": 79.12375000002794
    },
    "auditLogList": {
      "count": 300,
      "avg": 133.16561806000033,
      "min": 5.195082999998704,
      "max": 279.31208299996797,
      "p50": 144.30079199990723,
      "p95": 151.25258400000166,
      "p99": 151.88629099994432
    },
    "spaceAuditLog": {
      "count": 50,
      "avg": 534.8246267199959,
      "min": 22.015999999945052,
      "max": 1046.3734580000164,
      "p50": 524.515625,
      "p95": 1004.7096669999883,
      "p99": 1046.3734580000164
    },
    "search": {
      "count": 60,
      "avg": 3558.8431971500027,
      "min": 432.4290000000037,
      "max": 3943.0769169999985,
      "p50": 3816.2804160000524,
      "p95": 3890.4448329999577,
      "p99": 3943.0769169999985
    },
    "childrenList": {
      "count": 300,
      "avg": 1312.6777507133347,
      "min": 22.958875000011176,
      "max": 3120.9622080000117,
      "p50": 1374.983249999932,
      "p95": 1768.7483749999665,
      "p99": 1775.546166999964
    },
    "propertyPatch": {
      "count": 300,
      "avg": 898.5676917966688,
      "min": 51.699124999926426,
      "max": 973.1684589999495,
      "p50": 924.9105419999687,
      "p95": 963.483957999968,
      "p99": 967.8048339999514
    },
    "documentWrite": {
      "count": 200,
      "avg": 174.4671114900033,
      "min": 17.026749999960884,
      "max": 206.4424580000341,
      "p50": 178.1346660000272,
      "p95": 194.0417090000119,
      "p99": 199.72750000003725
    },
    "payloads": {
      "documentFetch": {
        "avgBytes": 1704,
        "minBytes": 821,
        "maxBytes": 2739,
        "totalBytes": 85221
      },
      "documentListPage": {
        "avgBytes": 28117,
        "minBytes": 28117,
        "maxBytes": 28117,
        "totalBytes": 562340
      },
      "documentListLarge": {
        "avgBytes": 280205,
        "minBytes": 280205,
        "maxBytes": 280205,
        "totalBytes": 2802050
      },
      "revisionHistory": {
        "avgBytes": 364,
        "minBytes": 348,
        "maxBytes": 374,
        "totalBytes": 18187
      },
      "commentList": {
        "avgBytes": 1356,
        "minBytes": 15,
        "maxBytes": 4761,
        "totalBytes": 67797
      },
      "searchResult": {
        "avgBytes": 31116,
        "minBytes": 25610,
        "maxBytes": 39807,
        "totalBytes": 622324
      }
    },
    "searchQuality": {
      "avgResultCount": 0,
      "zeroResultQueries": 60,
      "totalQueries": 60
    },
    "coldStart": {
      "spawnToFirstByteMs": 364.3713749999879,
      "spawnToReadyMs": 365.39354199997615
    }
  }
}