{
  "result": {
    "timestamp": "2026-06-20T16:57:03.313Z",
    "docCount": 10000,
    "documentFetch": {
      "count": 500,
      "avg": 10.799200841999987,
      "min": 5.023209000000179,
      "max": 37.421749999999975,
      "p50": 9.530124999999998,
      "p95": 16.442957999999862,
      "p99": 36.42000000000007
    },
    "documentList": {
      "count": 30,
      "avg": 635.9722209333333,
      "min": 45.51320799999985,
      "max": 1223.41775,
      "p50": 618.2466669999999,
      "p95": 1182.0622500000002,
      "p99": 1223.41775
    },
    "documentListPaginated": {
      "count": 50,
      "avg": 920.3778525199999,
      "min": 36.062250000000404,
      "max": 1800.6515,
      "p50": 902.4757500000001,
      "p95": 1730.6442499999998,
      "p99": 1800.6515
    },
    "revisionHistory": {
      "count": 300,
      "avg": 32.43141499666667,
      "min": 6.536041000000296,
      "max": 68.2440000000006,
      "p50": 33.23829099999966,
      "p95": 37.0360840000003,
      "p99": 42.206749999999374
    },
    "commentList": {
      "count": 300,
      "avg": 62.37347581666661,
      "min": 3.3527920000005906,
      "max": 134.24708400000054,
      "p50": 67.030667,
      "p95": 68.88145799999984,
      "p99": 69.05004200000076
    },
    "auditLogList": {
      "count": 300,
      "avg": 13.300474983333352,
      "min": 2.4579579999999623,
      "max": 28.397917000000234,
      "p50": 14.207292000000052,
      "p95": 16.758208000000195,
      "p99": 19.689833000000363
    },
    "spaceAuditLog": {
      "count": 50,
      "avg": 9.826036640000002,
      "min": 1.1114580000003116,
      "max": 18.600124999999935,
      "p50": 9.653666999999587,
      "p95": 17.911708000000544,
      "p99": 18.600124999999935
    },
    "search": {
      "count": 60,
      "avg": 2864.4462034499998,
      "min": 313.67491599999994,
      "max": 3634.440875000001,
      "p50": 3029.179916000001,
      "p95": 3250.8726670000005,
      "p99": 3634.440875000001
    },
    "childrenList": {
      "count": 300,
      "avg": 17.200458329999982,
      "min": 2.9120419999999285,
      "max": 38.50699999999961,
      "p50": 17.54620900000009,
      "p95": 21.80829099999937,
      "p99": 22.089750000000095
    },
    "propertyPatch": {
      "count": 300,
      "avg": 31.340046133333338,
      "min": 4.045916000000034,
      "max": 41.14420799999971,
      "p50": 33.1605840000002,
      "p95": 38.22295900000063,
      "p99": 39.61070800000016
    },
    "documentWrite": {
      "count": 200,
      "avg": 7.642394955000009,
      "min": 1.4332919999997102,
      "max": 17.400792000000365,
      "p50": 5.860666000000492,
      "p95": 16.589624999999614,
      "p99": 16.866375000000517
    },
    "payloads": {
      "documentFetch": {
        "avgBytes": 1586,
        "minBytes": 784,
        "maxBytes": 2471,
        "totalBytes": 79321
      },
      "documentListPage": {
        "avgBytes": 28065,
        "minBytes": 28065,
        "maxBytes": 28065,
        "totalBytes": 561300
      },
      "documentListLarge": {
        "avgBytes": 278944,
        "minBytes": 278944,
        "maxBytes": 278944,
        "totalBytes": 2789440
      },
      "revisionHistory": {
        "avgBytes": 363,
        "minBytes": 354,
        "maxBytes": 370,
        "totalBytes": 18168
      },
      "commentList": {
        "avgBytes": 972,
        "minBytes": 15,
        "maxBytes": 4791,
        "totalBytes": 48591
      },
      "searchResult": {
        "avgBytes": 30327,
        "minBytes": 25170,
        "maxBytes": 38802,
        "totalBytes": 606546
      }
    },
    "searchQuality": {
      "avgResultCount": 0,
      "zeroResultQueries": 60,
      "totalQueries": 60
    },
    "coldStart": {
      "spawnToFirstByteMs": 491.3902089999999,
      "spawnToReadyMs": 492.33966699999996
    }
  }
}