{
  "result": {
    "timestamp": "2026-06-20T15:58:27.963Z",
    "docCount": 10000,
    "documentFetch": {
      "count": 500,
      "avg": 11.10791606599999,
      "min": 4.341000000000008,
      "max": 24.761250000000018,
      "p50": 9.957417000000078,
      "p95": 18.96666700000003,
      "p99": 23.981499999999983
    },
    "documentList": {
      "count": 30,
      "avg": 602.8119150333333,
      "min": 42.08308299999999,
      "max": 1161.701,
      "p50": 581.594166,
      "p95": 1124.9495,
      "p99": 1161.701
    },
    "documentListPaginated": {
      "count": 200,
      "avg": 1470.6006662549992,
      "min": 33.98420800000031,
      "max": 1963.4806249999997,
      "p50": 1663.6819999999998,
      "p95": 1693.7399169999999,
      "p99": 1897.63875
    },
    "revisionHistory": {
      "count": 300,
      "avg": 33.483889606666665,
      "min": 8.839791000000332,
      "max": 68.66695900000013,
      "p50": 34.539166999999,
      "p95": 36.44929199999933,
      "p99": 44.16662499999984
    },
    "commentList": {
      "count": 300,
      "avg": 63.43712182666668,
      "min": 3.7788330000003043,
      "max": 137.21262500000012,
      "p50": 66.9424999999992,
      "p95": 77.37458299999889,
      "p99": 93.81520799999998
    },
    "auditLogList": {
      "count": 300,
      "avg": 13.976575563333311,
      "min": 1.6067079999993439,
      "max": 29.431166000000303,
      "p50": 14.23462500000096,
      "p95": 21.940624999999272,
      "p99": 24.86358400000063
    },
    "spaceAuditLog": {
      "count": 50,
      "avg": 9.890280039999999,
      "min": 1.0444169999991573,
      "max": 19.542250000000422,
      "p50": 9.652458999998998,
      "p95": 17.869708000000173,
      "p99": 19.542250000000422
    },
    "search": {
      "count": 60,
      "avg": 2867.128194483333,
      "min": 314.1033329999991,
      "max": 3554.3614169999983,
      "p50": 3054.2007080000003,
      "p95": 3140.157875000001,
      "p99": 3554.3614169999983
    },
    "childrenList": {
      "count": 300,
      "avg": 19.033532530000056,
      "min": 1.445625000000291,
      "max": 43.16058300000077,
      "p50": 20.16608300000007,
      "p95": 29.301625000000058,
      "p99": 34.096417000000656
    },
    "propertyPatch": {
      "count": 300,
      "avg": 234.16365068000007,
      "min": 17.372749999998632,
      "max": 520.5103749999998,
      "p50": 208.58137499999975,
      "p95": 456.50408400000015,
      "p99": 513.2753329999996
    },
    "documentWrite": {
      "count": 200,
      "avg": 46.647107715000004,
      "min": 4.49145899999894,
      "max": 76.13841599999978,
      "p50": 42.76362499999959,
      "p95": 70.48579200000131,
      "p99": 72.84150000000045
    },
    "payloads": {
      "documentFetch": {
        "avgBytes": 1501,
        "minBytes": 907,
        "maxBytes": 2607,
        "totalBytes": 75040
      },
      "documentListPage": {
        "avgBytes": 27913,
        "minBytes": 27913,
        "maxBytes": 27913,
        "totalBytes": 558260
      },
      "documentListLarge": {
        "avgBytes": 279002,
        "minBytes": 279002,
        "maxBytes": 279002,
        "totalBytes": 2790020
      },
      "revisionHistory": {
        "avgBytes": 363,
        "minBytes": 356,
        "maxBytes": 370,
        "totalBytes": 18149
      },
      "commentList": {
        "avgBytes": 1269,
        "minBytes": 15,
        "maxBytes": 5199,
        "totalBytes": 63464
      },
      "searchResult": {
        "avgBytes": 30836,
        "minBytes": 25417,
        "maxBytes": 38767,
        "totalBytes": 616716
      }
    },
    "searchQuality": {
      "avgResultCount": 0,
      "zeroResultQueries": 60,
      "totalQueries": 60
    },
    "coldStart": {
      "spawnToFirstByteMs": 363.130833,
      "spawnToReadyMs": 364.18979099999996
    }
  }
}