{
  "result": {
    "timestamp": "2026-06-20T17:01:41.305Z",
    "docCount": 10000,
    "documentFetch": {
      "count": 500,
      "avg": 11.054944558000003,
      "min": 4.357999999999947,
      "max": 37.53941699999996,
      "p50": 9.488000000000056,
      "p95": 15.924166999999898,
      "p99": 36.51420800000005
    },
    "documentList": {
      "count": 30,
      "avg": 555.1355262333333,
      "min": 38.412791999999854,
      "max": 1067.7568749999998,
      "p50": 539.934458,
      "p95": 1031.0807920000002,
      "p99": 1067.7568749999998
    },
    "documentListPaginated": {
      "count": 50,
      "avg": 775.72580666,
      "min": 31.444208000000344,
      "max": 1515.071167,
      "p50": 760.8514999999998,
      "p95": 1456.5185000000001,
      "p99": 1515.071167
    },
    "revisionHistory": {
      "count": 300,
      "avg": 32.21141265000004,
      "min": 4.072417000000314,
      "max": 69.25675000000001,
      "p50": 32.87174999999979,
      "p95": 35.71050000000014,
      "p99": 67.81404100000009
    },
    "commentList": {
      "count": 300,
      "avg": 62.58945998666664,
      "min": 3.3534999999997126,
      "max": 138.02037500000006,
      "p50": 65.61291700000038,
      "p95": 73.07004099999995,
      "p99": 73.2486659999995
    },
    "auditLogList": {
      "count": 300,
      "avg": 13.868009690000026,
      "min": 4.271291999999448,
      "max": 27.824333999999908,
      "p50": 14.075417000000016,
      "p95": 15.903083000000152,
      "p99": 18.090375000000677
    },
    "spaceAuditLog": {
      "count": 50,
      "avg": 10.047060140000031,
      "min": 1.3036670000001322,
      "max": 18.54254200000014,
      "p50": 9.919958000000406,
      "p95": 17.875417000000198,
      "p99": 18.54254200000014
    },
    "search": {
      "count": 60,
      "avg": 2905.256584666667,
      "min": 315.00245799999993,
      "max": 3681.616583,
      "p50": 3069.527542,
      "p95": 3315.895625,
      "p99": 3681.616583
    },
    "childrenList": {
      "count": 300,
      "avg": 15.751955733333325,
      "min": 1.9347090000001117,
      "max": 32.878874999999425,
      "p50": 16.574125000000095,
      "p95": 17.94800000000032,
      "p99": 18.253749999999854
    },
    "propertyPatch": {
      "count": 300,
      "avg": 32.336794626666695,
      "min": 4.712542000000212,
      "max": 42.1387079999995,
      "p50": 34.06733299999996,
      "p95": 38.083166999999776,
      "p99": 39.12991599999987
    },
    "documentWrite": {
      "count": 200,
      "avg": 7.849197944999991,
      "min": 1.6067919999995866,
      "max": 17.86229099999946,
      "p50": 6.340291999999863,
      "p95": 16.058207999999468,
      "p99": 17.216707999999926
    },
    "payloads": {
      "documentFetch": {
        "avgBytes": 1522,
        "minBytes": 803,
        "maxBytes": 2401,
        "totalBytes": 76118
      },
      "documentListPage": {
        "avgBytes": 27992,
        "minBytes": 27992,
        "maxBytes": 27992,
        "totalBytes": 559840
      },
      "documentListLarge": {
        "avgBytes": 279709,
        "minBytes": 279709,
        "maxBytes": 279709,
        "totalBytes": 2797090
      },
      "revisionHistory": {
        "avgBytes": 364,
        "minBytes": 350,
        "maxBytes": 373,
        "totalBytes": 18184
      },
      "commentList": {
        "avgBytes": 1002,
        "minBytes": 15,
        "maxBytes": 5645,
        "totalBytes": 50108
      },
      "searchResult": {
        "avgBytes": 30350,
        "minBytes": 25659,
        "maxBytes": 38430,
        "totalBytes": 607000
      }
    },
    "searchQuality": {
      "avgResultCount": 0,
      "zeroResultQueries": 60,
      "totalQueries": 60
    },
    "coldStart": {
      "spawnToFirstByteMs": 494.7157920000001,
      "spawnToReadyMs": 495.72008399999993
    }
  }
}