{
  "result": {
    "timestamp": "2026-06-20T16:19:15.227Z",
    "docCount": 10000,
    "documentFetch": {
      "count": 500,
      "avg": 10.719898849999991,
      "min": 3.1838749999999436,
      "max": 32.78187500000013,
      "p50": 9.483584000000064,
      "p95": 19.753790999999865,
      "p99": 31.53191700000002
    },
    "documentList": {
      "count": 30,
      "avg": 601.6657041666668,
      "min": 43.688625,
      "max": 1158.389459,
      "p50": 578.379833,
      "p95": 1120.325625,
      "p99": 1158.389459
    },
    "documentListPaginated": {
      "count": 200,
      "avg": 1446.248979374999,
      "min": 33.54566699999987,
      "max": 2012.5978750000004,
      "p50": 1639.7792909999998,
      "p95": 1684.3605830000001,
      "p99": 1946.0516669999997
    },
    "revisionHistory": {
      "count": 300,
      "avg": 30.623841630000026,
      "min": 3.307291000000987,
      "max": 65.71558299999924,
      "p50": 31.842709000000468,
      "p95": 41.89154199999939,
      "p99": 49.64916600000106
    },
    "commentList": {
      "count": 300,
      "avg": 63.72362847999998,
      "min": 3.6596669999998994,
      "max": 139.992166,
      "p50": 66.57170800000131,
      "p95": 92.73945800000001,
      "p99": 107.26004199999988
    },
    "auditLogList": {
      "count": 300,
      "avg": 12.929364419999995,
      "min": 1.664375000000291,
      "max": 27.82775000000038,
      "p50": 13.50654200000099,
      "p95": 18.25525000000016,
      "p99": 22.491417000001093
    },
    "spaceAuditLog": {
      "count": 50,
      "avg": 8.89265909999991,
      "min": 0.9546669999999722,
      "max": 17.81974999999875,
      "p50": 8.568041000000449,
      "p95": 16.844750000000204,
      "p99": 17.81974999999875
    },
    "search": {
      "count": 60,
      "avg": 2836.542303416667,
      "min": 302.76229199999943,
      "max": 3561.7142080000012,
      "p50": 3002.8706249999996,
      "p95": 3207.232,
      "p99": 3561.7142080000012
    },
    "childrenList": {
      "count": 300,
      "avg": 16.359338883333344,
      "min": 1.1767090000012104,
      "max": 34.609042000000045,
      "p50": 16.721833999999944,
      "p95": 19.222042000001238,
      "p99": 31.757540999999037
    },
    "propertyPatch": {
      "count": 300,
      "avg": 29.884312763333412,
      "min": 7.290874999998778,
      "max": 35.950332999998864,
      "p50": 31.884874999999738,
      "p95": 34.81108300000051,
      "p99": 35.758749999999054
    },
    "documentWrite": {
      "count": 200,
      "avg": 7.530277104999995,
      "min": 2.028249999999389,
      "max": 16.746957999999722,
      "p50": 6.2112079999988055,
      "p95": 15.628208000000086,
      "p99": 16.18933300000026
    },
    "payloads": {
      "documentFetch": {
        "avgBytes": 1606,
        "minBytes": 817,
        "maxBytes": 2453,
        "totalBytes": 80317
      },
      "documentListPage": {
        "avgBytes": 28027,
        "minBytes": 28027,
        "maxBytes": 28027,
        "totalBytes": 560540
      },
      "documentListLarge": {
        "avgBytes": 280640,
        "minBytes": 280640,
        "maxBytes": 280640,
        "totalBytes": 2806400
      },
      "revisionHistory": {
        "avgBytes": 363,
        "minBytes": 354,
        "maxBytes": 373,
        "totalBytes": 18125
      },
      "commentList": {
        "avgBytes": 1205,
        "minBytes": 15,
        "maxBytes": 6116,
        "totalBytes": 60241
      },
      "searchResult": {
        "avgBytes": 30747,
        "minBytes": 25949,
        "maxBytes": 38858,
        "totalBytes": 614944
      }
    },
    "searchQuality": {
      "avgResultCount": 0,
      "zeroResultQueries": 60,
      "totalQueries": 60
    },
    "coldStart": {
      "spawnToFirstByteMs": 364.30112499999996,
      "spawnToReadyMs": 365.36412500000006
    }
  }
}